rms,peak,peak_to_peak,crest_factor,kurtosis,skewness,std_dev,dominant_frequency,peak_fft_magnitude,top_freq_1,top_freq_2,top_freq_3,spectral_entropy,frequency_centroid,fault_type
0.07408178260912789,0.27286892307692306,0.5202867692307692,3.6833471531947435,2.8695993860701643,-0.08584997891057211,0.0731644452161996,1036.0,0.060362569883520574,1036.0,1066.0,0.0,5.141934965959237,1105.8657444469584,normal
0.07386704735701471,0.2492953846153846,0.4967132307692308,3.3749201238610294,2.8682630180266173,-0.08567897046024603,0.07299092034983974,1036.0,0.0603989462389386,1036.0,1066.0,0.0,5.19088738264346,1111.7057647009601,normal
0.07272719858092241,0.2492953846153846,0.4967132307692308,3.4278150331611843,2.8123642444833457,-0.09162623156589865,0.07186208901382428,1036.0,0.05958310569091197,1036.0,1066.0,0.0,5.193843035112258,1130.8595595729148,normal
0.072872780719703,0.2482523076923077,0.4850307692307692,3.4066534203927583,2.796714893320429,-0.0927710636692304,0.07198861949127124,1036.0,0.05895236922506958,1036.0,1066.0,0.0,5.241920918205638,1121.1551303084057,normal
0.0729433865207527,0.2482523076923077,0.4864910769230769,3.403355938535687,2.768943245507348,-0.0692704008789219,0.07203488774865481,1036.0,0.05866097541904148,1036.0,1066.0,0.0,5.265194348133941,1112.1424126324937,normal
0.07333700625986242,0.2482523076923077,0.4864910769230769,3.3850891978416766,2.731002488137952,-0.07295458213200057,0.07235830216147339,1036.0,0.058951656836036016,1036.0,1066.0,0.0,5.305231797763984,1118.8080905361358,normal
0.07354701677960791,0.2482523076923077,0.4864910769230769,3.375423213102229,2.7109819908533277,-0.07946157300482637,0.07255543663573347,1036.0,0.05851605146666148,1036.0,1066.0,0.0,5.2301417021723315,1126.4061030151634,normal
0.07410789944441501,0.2482523076923077,0.4864910769230769,3.3498764578870643,2.7025815610996538,-0.09300873471273978,0.07318545397556547,1036.0,0.05908121374663644,1036.0,1066.0,0.0,5.229625508658631,1116.5199981525645,normal
0.07339292447092491,0.28663753846153844,0.5182006153846154,3.9055200556164213,2.746870285356954,-0.10248575779527817,0.07255669491490144,1036.0,0.05914150272401285,1036.0,1066.0,0.0,5.175719735597104,1113.5777622620578,normal
0.07347283160665982,0.28663753846153844,0.5182006153846154,3.9012725138465556,2.7157313005013073,-0.11434669703358392,0.0726905778466743,1036.0,0.06040413512991771,1036.0,1066.0,0.0,5.091613781366164,1112.330597151788,normal
0.07319341399928883,0.28663753846153844,0.5182006153846154,3.916165714914234,2.729594874330614,-0.10470668506803696,0.07244604090068475,1036.0,0.06003777567476709,1036.0,1066.0,2102.0,5.1031817923558105,1115.460863258172,normal
0.07307734858297237,0.28663753846153844,0.5182006153846154,3.922385582121782,2.7478797588661408,-0.09761863050288777,0.07229210834614706,1036.0,0.06038388612067329,1036.0,1066.0,2102.0,5.074590062794186,1119.3152176731492,normal
0.07248463439890623,0.28663753846153844,0.5182006153846154,3.9544593256010643,2.7652468958933976,-0.0686157958946133,0.07158197715754866,1036.0,0.05986311419661133,1036.0,1066.0,0.0,5.062993666968633,1127.4140401845173,normal
0.07316166928779613,0.2526332307692308,0.49274953846153846,3.4530818286204923,2.746110121582254,-0.031663783828116215,0.07213662790582206,1036.0,0.06037456786508773,1036.0,1066.0,0.0,5.050667130896285,1126.4024192859285,normal
0.07266048974581431,0.2526332307692308,0.49274953846153846,3.476899641786188,2.8052000790693237,-0.019616825564720577,0.07151378224573708,1036.0,0.0590623088204618,1036.0,1066.0,0.0,5.070660511035963,1122.5890408413838,normal
0.0733229099538678,0.25367630769230765,0.49379261538461533,3.459714130984598,2.829681578548371,-0.008049865653415715,0.07214179492557456,1036.0,0.059871386200367964,1036.0,1066.0,0.0,5.051268583343733,1129.6341918883945,normal
0.0738199403034981,0.31125415384615385,0.5330123076923077,4.2163967156636195,2.8458168692399948,0.025406866555354936,0.07263782673948138,1036.0,0.05989147825111968,1036.0,1066.0,0.0,5.0801114879619576,1123.975256984083,normal
0.07368725254927246,0.31125415384615385,0.5330123076923077,4.223989130793383,2.8884338316954867,0.01923565373409366,0.07252183421819325,1036.0,0.0593108767768969,1036.0,1066.0,0.0,5.073087535489502,1125.7857510423928,normal
0.07338166698545176,0.31125415384615385,0.5330123076923077,4.24157922043201,2.8763321544671507,-0.010680796782682616,0.07218592351085326,1036.0,0.059452055302906294,1036.0,1066.0,0.0,5.0755981941001265,1120.1019824864152,normal
0.07365724641446765,0.31125415384615385,0.5346812307692308,4.22570987917107,2.8519261870666583,0.009439978325240527,0.07248343385561051,1036.0,0.060435181464140765,1036.0,1066.0,0.0,5.063769450528648,1121.8738153608251,normal
0.07317041700802926,0.31125415384615385,0.5346812307692308,4.253825064465586,2.876483406257293,0.03758335541427452,0.07198991272795546,1036.0,0.05921901195725442,1036.0,1066.0,0.0,5.133624713561008,1111.0063280301226,normal
0.07259408338411952,0.27140861538461536,0.535932923076923,3.7387153709001573,2.877940091226565,0.005429695933955077,0.07139318983067588,1036.0,0.05870559594826373,1036.0,1066.0,0.0,5.146147767541478,1121.2168112091815,normal
0.07238238263523332,0.27140861538461536,0.535932923076923,3.7496501980649466,2.8530166655010314,0.02155996307935877,0.07121685875210662,1036.0,0.059051339937019644,1036.0,1066.0,0.0,5.2116077119498065,1121.5563239480337,normal
0.0724902204078358,0.27140861538461536,0.535932923076923,3.744072150114163,2.8569798405063325,0.026827418093292064,0.07138546651467836,1036.0,0.059277043034001366,1036.0,1066.0,0.0,5.230766862311935,1130.753139693166,normal
0.07222909948971598,0.26452430769230767,0.5246676923076923,3.6622955230110654,2.8441954024377143,0.010700939422459838,0.07117639352925005,1036.0,0.05928730479656186,1036.0,1066.0,0.0,5.160249984012378,1130.5180699984376,normal
0.07255500099798862,0.26452430769230767,0.5015113846153846,3.6458452767389646,2.8259787515937433,-0.012191538825385078,0.07152149082078334,1036.0,0.059642610019417175,1036.0,1066.0,0.0,5.139680965836625,1141.4237703280378,normal
0.07243792842190669,0.2369870769230769,0.46729846153846155,3.2715882699291448,2.8079052546172747,0.012451535189258085,0.07145790769994653,1036.0,0.059423296878946444,1036.0,1066.0,0.0,5.166036252254263,1142.4069135876282,normal
0.07269010666173226,0.2369870769230769,0.46729846153846155,3.2602383984097094,2.8122822692517415,-0.016397559458054385,0.07169986434524742,1036.0,0.05932979727609961,1036.0,1066.0,0.0,5.1022663941739665,1144.4526822363337,normal
0.07222166709508365,0.24616615384615384,0.4831532307692308,3.4084806367327833,2.808843963974105,-0.018846312067104357,0.07120843803718996,1036.0,0.05856374528113518,1036.0,1066.0,0.0,5.108606628703134,1146.051642645267,normal
0.07222925700157763,0.24616615384615384,0.49212369230769226,3.4081224709369096,2.8172543914031616,-0.024798856929957393,0.07119593773338881,1036.0,0.05775596881291738,1036.0,1066.0,0.0,5.270196589701435,1128.017531995293,normal
0.07151216977567454,0.24616615384615384,0.49212369230769226,3.4422973686625475,2.764957550799101,-0.04323970032229809,0.07046874762681311,1036.0,0.05795777529058716,1036.0,1066.0,0.0,5.228008760673243,1129.0006087959207,normal
0.07199653348580104,0.24616615384615384,0.49212369230769226,3.4191389769439673,2.7284062161653755,-0.05257278893535328,0.07090012934448588,1036.0,0.05759888586831144,1036.0,1066.0,0.0,5.27739703677185,1131.5212576583854,normal
0.07226119644371723,0.24616615384615384,0.49212369230769226,3.406616081120213,2.70034179407496,-0.03968955715376751,0.07111545974794468,1036.0,0.057486323564697586,1036.0,1066.0,0.0,5.3134574956915825,1119.468594277818,normal
0.07278720280722674,0.254928,0.48064984615384615,3.5023739087098047,2.6601647805826762,-0.028034472238574627,0.07160040920455346,1036.0,0.05871282911866192,1036.0,1066.0,0.0,5.252375458309356,1111.5939809700521,normal
0.07310416029416895,0.254928,0.48064984615384615,3.4871886767343656,2.616967764381601,-0.038330996160677644,0.07187597664701113,1036.0,0.05899929804841684,1036.0,1066.0,0.0,5.198545714098614,1110.3149490263668,normal
0.07420304568538645,0.2628553846153846,0.48857723076923076,3.5423799951536403,2.6408129847921527,-0.019919919853623312,0.07303995291309168,1036.0,0.05884427260868472,1036.0,1066.0,0.0,5.221665083834197,1103.1507766801917,normal
0.07407403781353838,0.2628553846153846,0.47918953846153844,3.548549429383786,2.639631531570573,-0.014826394042542978,0.07290898065770814,1036.0,0.05979967856092858,1036.0,1066.0,0.0,5.138239903339565,1109.2965050854411,normal
0.07372960025984024,0.2641070769230769,0.48044123076923073,3.5821037411338486,2.665319909282594,-0.018268813820174038,0.07257939471714016,1036.0,0.05990311461968111,1036.0,1066.0,0.0,5.131335415628586,1116.42034436658,normal
0.07338027543511472,0.2641070769230769,0.48044123076923073,3.5991562495102536,2.6870669586410876,-0.032674811869856796,0.07220730556792607,1036.0,0.05967966437294734,1036.0,1066.0,0.0,5.124713587930729,1111.3946118174317,normal
0.0726262798777347,0.2641070769230769,0.48044123076923073,3.63652217031765,2.706603274874486,-0.017895436224180734,0.07144102046573646,1036.0,0.05903235782223949,1036.0,1066.0,0.0,5.126658897701814,1140.6483047873498,normal
0.07126140512660104,0.2641070769230769,0.48044123076923073,3.706172737597183,2.684512902364087,-0.026694782789984026,0.07004438875929701,1036.0,0.0582880326342589,1036.0,1066.0,0.0,5.110463660641551,1127.531433780487,normal
0.0710440103504393,0.2641070769230769,0.4768947692307692,3.717513631625158,2.6871065983640796,-0.034534071784640644,0.06988164581013455,1036.0,0.05677750700201186,1036.0,1066.0,0.0,5.241552884257998,1113.165301749469,normal
0.07087801913994202,0.23761292307692305,0.45040061538461534,3.3524204818390673,2.6820968230109825,-0.02741991146774299,0.06976124224921625,1036.0,0.05668057058466247,1036.0,1066.0,0.0,5.201383311355444,1112.2200571334406,normal
0.07095713290649945,0.24866953846153847,0.46145723076923073,3.504503751429916,2.737916148178071,0.009204039103476785,0.06988187716602703,1036.0,0.05626897125384776,1036.0,1066.0,0.0,5.206129960678867,1115.1640225731549,normal
0.07133807551030408,0.24866953846153847,0.4839876923076923,3.4857898349895997,2.78736402759203,0.003914393873941223,0.0703155513622775,1036.0,0.056553422927005804,1036.0,1066.0,0.0,5.2301980264439765,1115.0361875748995,normal
0.07248653701791728,0.24866953846153847,0.4839876923076923,3.430561711067424,2.825399675363458,-0.022541142696253735,0.07152496168258642,1036.0,0.05623683584135882,1036.0,1066.0,0.0,5.309460903650635,1102.7951994838706,normal
0.07223364485175235,0.24866953846153847,0.4839876923076923,3.442572210939815,2.8433475590924817,-0.022027774276268456,0.07120560805801644,1036.0,0.05664178654184908,1036.0,1066.0,0.0,5.266846140593597,1111.9517361807455,normal
0.07263118189819319,0.24866953846153847,0.4839876923076923,3.423729753015688,2.867696566433546,-0.026615361525609494,0.07154858201659128,1036.0,0.057012946073832754,1036.0,1066.0,0.0,5.324034958183794,1101.2242634720315,normal
0.07338858567197767,0.24199384615384617,0.47731199999999996,3.297431663766861,2.8249018965846857,-0.06384385880471016,0.0722906740045433,1036.0,0.05759846998032955,1036.0,1066.0,0.0,5.4013484852781675,1119.359672466089,normal
0.07363704287852274,0.24199384615384617,0.4704276923076923,3.2863058685430593,2.7496025150013965,-0.06975005032199848,0.07242652744880199,1036.0,0.057623457990817785,1036.0,1066.0,0.0,5.366363238327917,1090.4093532431114,normal
0.07330325680687376,0.24595753846153845,0.47439138461538455,3.355342575153832,2.7138311316827943,-0.034021662249562636,0.07198153518465254,1036.0,0.05691393298651505,1036.0,1066.0,0.0,5.3951230774121965,1090.3449173403305,normal
0.07413335456985017,0.24595753846153845,0.47439138461538455,3.3177716007683364,2.6681174712316444,-0.04206963726395707,0.07281640137969102,1036.0,0.05680989612365593,1036.0,1066.0,0.0,5.419627030883937,1090.541709417781,normal
0.07436716003385989,0.24595753846153845,0.466464,3.3073407448872896,2.5951360027501944,-0.05374470831910693,0.07308839019544139,1036.0,0.05659460789903246,1036.0,1066.0,0.0,5.41685536324027,1095.0042102522564,normal
0.07390225356712375,0.2507556923076923,0.49671323076923074,3.3930723381789236,2.590258857688131,-0.04524185620223902,0.07265357258636247,1036.0,0.05705878463358805,1036.0,1066.0,0.0,5.332668003024103,1097.2410366749518,normal
0.07463565051379739,0.2561796923076923,0.5069353846153846,3.4324038250371256,2.6163403079321315,-0.036008419663138246,0.07345229274007954,1036.0,0.05779120299941532,1036.0,1066.0,0.0,5.309556418478684,1078.1140971484172,normal
0.07503199020403443,0.2561796923076923,0.5069353846153846,3.414272920271247,2.597946416519699,-0.05810474290583567,0.07379730291479568,1036.0,0.05893828268442348,1036.0,1066.0,0.0,5.16582497839654,1095.2515514685897,normal
0.07531280707216305,0.26535876923076923,0.5161144615384615,3.5234215739231227,2.643876895755904,-0.05930427886937959,0.07401821434317675,1036.0,0.05932523650244955,1036.0,1066.0,0.0,5.175798710787387,1080.9988826940594,normal
0.07573872899918274,0.26535876923076923,0.5161144615384615,3.503607371515735,2.663753381490717,-0.05457858111847711,0.07443879018571695,1036.0,0.060356157483700545,1036.0,1066.0,0.0,5.166278495987153,1075.796715045874,normal
0.07646553325899726,0.26535876923076923,0.500676923076923,3.470305612490396,2.65673839932497,-0.06076192784602981,0.07516750074542451,1036.0,0.06060859395385424,1036.0,1066.0,0.0,5.184861420270315,1095.3006569623449,normal
0.07617980697864166,0.26535876923076923,0.500676923076923,3.4833216275432046,2.654962553646454,-0.06858693695870567,0.07486766824353479,1036.0,0.060533450758704796,1036.0,1066.0,0.0,5.135672460072049,1113.0166602116867,normal
0.07602738784616685,0.26535876923076923,0.500676923076923,3.4903049644122173,2.6919972005073616,-0.062482099802874516,0.07478847769864999,1036.0,0.05964637184454037,1036.0,1066.0,0.0,5.224495733068081,1075.5123268472253,normal
0.07565760804975259,0.24574892307692306,0.4810670769230769,3.248171987083151,2.695117229235041,-0.050237881654079546,0.07450300481284569,1036.0,0.05935235540672062,1036.0,1066.0,0.0,5.23494343762912,1075.0553160797747,normal
0.07504043930502931,0.24574892307692306,0.4810670769230769,3.274886519227142,2.75405800161317,-0.04433619788537968,0.07391258795429662,1036.0,0.05878332886001801,1036.0,1066.0,0.0,5.2080584701706645,1080.6734622885422,normal
0.07493589500929523,0.25847446153846154,0.4892030769230769,3.449274363192696,2.8186130250567865,-0.04456722185913768,0.07385140417505162,1036.0,0.058402529102206224,1036.0,1066.0,0.0,5.207614991288342,1085.837119462573,normal
0.07480805164736919,0.25847446153846154,0.4892030769230769,3.4551690071659746,2.881110444748397,-0.037098117651935485,0.07379566827111185,1036.0,0.05819323239747278,1036.0,1066.0,0.0,5.229425226146101,1080.8357159794625,normal
0.07495519372346413,0.25847446153846154,0.4892030769230769,3.448386278502115,2.8594141056852274,-0.04447429558906941,0.07399972887500882,1036.0,0.05870057742124859,1036.0,1066.0,0.0,5.184732171901084,1084.0553790562203,normal
0.07505520861007338,0.25847446153846154,0.4892030769230769,3.443791128225189,2.8628966569151997,-0.054209161333625466,0.0741123788093987,1036.0,0.05839813665173607,1036.0,1066.0,0.0,5.260370370483758,1081.233723919938,normal
0.07532349266040435,0.25847446153846154,0.4892030769230769,3.4315251777263245,2.832962193784018,-0.04783161985380931,0.07437602208011755,1036.0,0.05939966575007185,1036.0,1066.0,0.0,5.217755043938127,1088.9483079332945,normal
0.07468610141829635,0.25951753846153847,0.5048492307692307,3.474776879945199,2.8319064596175343,-0.03551327067926648,0.07366748133471843,1036.0,0.05876267879172765,1036.0,1066.0,0.0,5.297301712832781,1087.9050432457718,normal
0.07453055477125635,0.25951753846153847,0.5031803076923077,3.4820288035964637,2.775169255656428,-0.04319887884818734,0.07347631518640048,1036.0,0.05958291316657979,1036.0,1066.0,0.0,5.244605484706326,1113.690614747847,normal
0.07435476543128615,0.25951753846153847,0.5031803076923077,3.4902610068936033,2.8130130463434044,-0.0496909602893362,0.07327873422617873,1036.0,0.05874032731344843,1036.0,1066.0,0.0,5.268412118865327,1101.8938634684196,normal
0.07363241690663122,0.25951753846153847,0.5031803076923077,3.524501155389437,2.819136333024813,-0.05651072450927506,0.07271228134348559,1036.0,0.05880857502038327,1036.0,1066.0,0.0,5.270472388779141,1105.0170695021736,normal
0.0734495613303241,0.27328615384615385,0.513611076923077,3.720732280715828,2.859007502026262,-0.09164803010410057,0.07262626563705561,1036.0,0.058253775584200924,1036.0,1066.0,0.0,5.2752348591685525,1101.753619783992,normal
0.07412770343352423,0.27328615384615385,0.513611076923077,3.686693923969055,2.8047093583603147,-0.10142578862469726,0.0734176612558068,1036.0,0.0590425090250262,1036.0,1066.0,0.0,5.242710703703569,1113.7757586163948,normal
0.07444098333436285,0.27328615384615385,0.5317606153846154,3.6711787191021923,2.8453570143905,-0.10400703049839258,0.07380009718344903,1036.0,0.0588309482521182,1036.0,1066.0,2102.0,5.252770026317489,1098.6256940095047,normal
0.07436039597080243,0.27328615384615385,0.5317606153846154,3.6751573237111255,2.8209246944324256,-0.0955411864201821,0.07373882558179179,1036.0,0.06006270894065133,1036.0,1066.0,2102.0,5.149495937488366,1106.247649328785,normal
0.07481949320392649,0.27328615384615385,0.5317606153846154,3.652606321474147,2.7870233366361097,-0.09159674078014685,0.07410865973366623,1036.0,0.06111917490304674,1036.0,1066.0,2102.0,5.0957048581162905,1103.9396136198975,normal
0.07493231158432911,0.25847446153846154,0.48982892307692305,3.4494393149419045,2.740351688768685,-0.07751477508895335,0.07413883224404719,1036.0,0.061025397302542236,1036.0,1066.0,0.0,5.0964531030307665,1101.7755463848137,normal
0.07489431085515154,0.25847446153846154,0.48982892307692305,3.4511895307823988,2.7421840033772917,-0.06424380180996941,0.07399908322977286,1036.0,0.06186712547646755,1036.0,1066.0,0.0,5.018496355316394,1097.4069908378833,normal
0.07527177626967212,0.2572227692307692,0.4881599999999999,3.41725387626341,2.6848051640473,-0.04041711993162415,0.07423283078824881,1036.0,0.06213112133230868,1036.0,1066.0,0.0,5.00827234411284,1088.5337659673685,normal
0.07549801082782505,0.25972615384615383,0.4906633846153846,3.4401721449120735,2.6770272333161778,-0.03304348301649002,0.07435355187713007,1036.0,0.06188491722609697,1036.0,1066.0,0.0,5.020750262400522,1085.5711255791516,normal
0.07608184974878804,0.25972615384615383,0.4841963076923077,3.4137728604619157,2.6957741078004065,-0.02083871271277946,0.07486354396768724,1036.0,0.061935165819094834,1036.0,1066.0,0.0,5.002046041767518,1080.4061863222973,normal
0.07655001510369389,0.25972615384615383,0.48190153846153844,3.392894873950467,2.677387238698731,-0.0032362460286907567,0.07525471320609249,1036.0,0.062173999814497484,1036.0,1066.0,0.0,4.994170066202363,1090.8264047366788,normal
0.07630222586757861,0.25972615384615383,0.48190153846153844,3.4039132003423433,2.6779440551187013,0.01303538244180376,0.07495285166511058,1036.0,0.06120925865060685,1036.0,1066.0,0.0,5.059165240962983,1092.3505483080748,normal
0.07555285308216866,0.25972615384615383,0.48190153846153844,3.437674995061863,2.7045139105226124,0.012706257487342778,0.07420692181674382,1036.0,0.06088220423119804,1036.0,1066.0,0.0,5.043649131749163,1085.5229062094156,normal
0.07551124213359234,0.24866953846153847,0.47084492307692305,3.2931459135793237,2.72355021910829,0.01971527216742089,0.07416682772990062,1036.0,0.061292767567951364,1036.0,1066.0,0.0,5.036896721116246,1088.5562408218723,normal
0.07483565795507857,0.24866953846153847,0.4698018461538461,3.322875020499008,2.7331572252177754,0.03384166489685135,0.07350535763817663,1036.0,0.06114402473642614,1036.0,1066.0,0.0,5.038905656953965,1088.0474421823303,normal
0.07406118107899455,0.24866953846153847,0.4698018461538461,3.357623181789452,2.7342356505625434,0.029499703427347684,0.0727088363728305,1036.0,0.060982244057374645,1036.0,1066.0,0.0,4.98230788677897,1095.1069362907083,normal
0.0739920812990646,0.2605606153846154,0.4919150769230769,3.5214662273314024,2.778406884056942,0.021821113712836196,0.07266975779310007,1036.0,0.06068984755850622,1036.0,1066.0,0.0,4.955869745034626,1107.0587021968684,normal
0.07462348591539407,0.2605606153846154,0.4919150769230769,3.491670379483899,2.7887245259986853,0.021292496213582958,0.0733390523941023,1036.0,0.06082735743479056,1036.0,1066.0,0.0,5.032101720083743,1098.784321549991,normal
0.07374548807810269,0.2605606153846154,0.4919150769230769,3.5332414521232773,2.819292395597964,0.013572768866117288,0.07247051661055699,1036.0,0.060016348148777536,1036.0,1066.0,0.0,5.042855714122209,1114.6868067179369,normal
0.07385134295897289,0.2605606153846154,0.4919150769230769,3.5281770776919563,2.844098640187684,0.0005514156135233994,0.07254111914315661,1036.0,0.05906579453655838,1036.0,1066.0,0.0,5.1377838031774665,1109.0680940465822,normal
0.0736627550716323,0.2605606153846154,0.49274953846153846,3.5372097490955494,2.885823346574189,0.010521169205853637,0.07236481498046925,1036.0,0.058022678056692416,1036.0,1066.0,0.0,5.224806604019013,1113.9214572146493,normal
0.07306399859014354,0.24741784615384615,0.4796067692307692,3.3863168034608946,2.8365460627322734,0.004772421236503601,0.07181223366918935,1036.0,0.05824363536493569,1036.0,1066.0,0.0,5.189489023844274,1120.7498845897644,normal
0.07252782551373126,0.24741784615384615,0.49045476923076925,3.41135066991639,2.827798181686113,-0.0067355369474599545,0.07130047973283636,1036.0,0.05785230595411424,1036.0,1066.0,0.0,5.118405360714327,1131.1293450477162,normal
0.07287961529744398,0.2438713846153846,0.48690830769230764,3.346222172277817,2.7993981116483186,-0.0001270223984100949,0.07172034639547445,1036.0,0.058735898004576785,1036.0,1066.0,0.0,5.072460650707053,1130.6079415257304,normal
0.07293222426783463,0.2438713846153846,0.48690830769230764,3.343808406552869,2.728185394351968,-0.012676709803257712,0.07185018764322802,1036.0,0.05962587250444768,1036.0,1066.0,0.0,5.074679932749069,1146.598236344519,normal
0.28930221212320245,1.5845546906187624,2.7946964071856284,5.477160644537218,5.632106309795959,0.12677454636248597,0.28890600468357347,3587.0,0.09998451363578977,3587.0,2880.0,2617.0,8.050522762583277,2764.9736361572723,inner_007
0.289548964732298,1.5845546906187624,2.7946964071856284,5.472493027504898,5.570329255186696,0.12325712515657278,0.28916500996830885,3587.0,0.10752861070145726,3587.0,2880.0,2617.0,7.90343537942226,2763.191186369105,inner_007
0.28851755906809023,1.5845546906187624,2.796970499001996,5.492056343942682,5.594353493661448,0.12921872043997695,0.2881468902124447,3587.0,0.106636907820317,3587.0,2880.0,2617.0,7.904265007732241,2775.6166240889615,inner_007
0.29000175848989235,1.5845546906187624,2.796970499001996,5.463948559725682,5.438051681829053,0.128210572261919,0.2896395045653991,3587.0,0.10156135879047228,3587.0,2880.0,2778.0,7.734690418452491,2756.254304100153,inner_007
0.29004327362647,1.5845546906187624,2.796970499001996,5.463166481355534,5.311341288871704,0.1303967396197141,0.28968635200267884,3587.0,0.11791768093364749,3587.0,2880.0,2617.0,7.569120364566149,2762.9541558266505,inner_007
0.28949241929078673,1.511134011976048,2.723549820359281,5.2199432913583745,5.129411829842864,0.13552782483453393,0.2891423143296357,3587.0,0.1284146466348937,3587.0,2617.0,2880.0,7.459168897120586,2743.990744409348,inner_007
0.29119612169556397,1.5044741716566867,2.7399557684630738,5.166532311270153,5.117048659602829,0.13900852676359118,0.2908458960679749,3587.0,0.1332134481256299,3587.0,2617.0,2880.0,7.432932364032193,2744.263039677538,inner_007
0.2921488613387352,1.5044741716566867,2.7399557684630738,5.149683503001258,5.054014833970174,0.13842167527595642,0.29179517558888524,3587.0,0.1428227822800859,3587.0,2617.0,2880.0,7.283902963212807,2742.0491621614397,inner_007
0.29336902281252186,1.5044741716566867,2.7399557684630738,5.128265272295379,5.01495387715081,0.1426134110088893,0.293019767251356,3587.0,0.14590696950494572,3587.0,2617.0,2880.0,7.342621257755733,2739.7416762238804,inner_007
0.294407920195491,1.5044741716566867,2.7399557684630738,5.110168811551315,5.022688712002424,0.14553497162744308,0.29405249988858506,3587.0,0.15101055766753502,3587.0,2617.0,2880.0,7.2929077783015295,2724.5745970745697,inner_007
0.2939766028625091,1.6389704590818364,2.8744520558882236,5.575173136647109,5.170902739099673,0.13548456107229098,0.29361131306374133,3587.0,0.14039863412748393,3587.0,2617.0,2880.0,7.557650021323225,2749.3127451914256,inner_007
0.29347852415182224,1.6389704590818364,2.82019872255489,5.584635072765885,5.333157974384434,0.1350143597103447,0.29311875194014453,3587.0,0.13042194687393674,3587.0,2617.0,2880.0,7.798108363359741,2752.091203844411,inner_007
0.29353378376047207,1.6389704590818364,2.8140261876247505,5.583583729562321,5.368367617540104,0.1443056043962493,0.29317096709991325,3587.0,0.12105974071396737,3587.0,2617.0,2880.0,8.021638943177267,2770.583831533689,inner_007
0.29210978654334435,1.7026450299401197,2.997253013972056,5.82878461583989,5.560978173381609,0.14567254668683535,0.29173988745657964,3587.0,0.11514245957626806,3587.0,2617.0,2455.0,8.039176482174863,2767.8224996122694,inner_007
0.2907084610431959,1.7026450299401197,2.997253013972056,5.856881577612997,5.687638775020397,0.15517978133836346,0.29034664080432987,3587.0,0.11340456557814207,3587.0,2617.0,2880.0,8.042589001777696,2773.8922887005683,inner_007
0.2916855944032414,1.7026450299401197,2.997253013972056,5.837261293015021,5.587381198263342,0.16435825550544514,0.29133163196676204,3587.0,0.12409006983313747,3587.0,2617.0,2880.0,7.836609354543795,2759.9908083472424,inner_007
0.2918264981559618,1.7026450299401197,2.997253013972056,5.83444286484968,5.51905524804076,0.16429370355590958,0.29147190714040405,3587.0,0.13129933833295884,3587.0,2617.0,2880.0,7.650408491583306,2747.0539995689437,inner_007
0.29252728945833617,1.7026450299401197,2.997253013972056,5.820465615679328,5.495446091545209,0.15840497196402123,0.2921829160714671,3587.0,0.1376297418701255,3587.0,2617.0,2880.0,7.546362616955092,2753.387256816108,inner_007
0.2922073292649713,1.6638230339321358,2.8070414770459085,5.6939811815034735,5.4577331731554946,0.15722872422913642,0.291869318400847,3587.0,0.14141663926757742,3587.0,2617.0,2880.0,7.489141183959678,2756.1166100263026,inner_007
0.2915310081625963,1.6638230339321358,2.8837108582834334,5.707190615566244,5.4459510962156426,0.14913686776501978,0.2911923911797488,3587.0,0.13727947383243644,3587.0,2617.0,2880.0,7.577811280269636,2760.4672650709717,inner_007
0.2909406869056148,1.6638230339321358,2.92643129740519,5.718770556391458,5.463266247620682,0.14554820079480874,0.2906052952755096,3587.0,0.12448067277021842,3587.0,2617.0,2880.0,7.768167205213341,2759.2041267914374,inner_007
0.2902144244520719,1.5907272255489022,2.853335489021956,5.481213514980219,5.400294822066903,0.14946688549965922,0.2898814414963476,3587.0,0.11385673168424709,3587.0,2617.0,2455.0,8.043922492808205,2773.0604573491687,inner_007
0.28932879213261065,1.5907272255489022,2.853335489021956,5.497991450570222,5.462424202021416,0.14562179460524982,0.289004861624241,3587.0,0.10746476918788361,3587.0,2617.0,2455.0,8.1986730668282,2780.1966712259045,inner_007
0.2895655682056856,1.5907272255489022,2.853335489021956,5.493495775088043,5.384652634168588,0.14546700907958734,0.28925792244559706,3587.0,0.0947027049433516,3587.0,2617.0,2779.0,8.327412645429334,2784.4138241492733,inner_007
0.2906164167474382,1.5332251896207585,2.7958334530938123,5.275769369055349,5.273241067313651,0.15378869266304143,0.29032110707586506,3587.0,0.0923703897136721,3587.0,2617.0,2779.0,8.303525898862162,2771.3253679959143,inner_007
0.2907480330641573,1.4987889421157685,2.7025956886227545,5.154940951174178,5.2655722768081334,0.1582505438358026,0.29046544163492594,3587.0,0.0972517465925027,3587.0,2617.0,3605.0,8.277305772693957,2770.9816580207516,inner_007
0.29124667095115003,1.4987889421157685,2.7025956886227545,5.14611527479796,5.175815177345144,0.1587553538032385,0.290977665944946,3587.0,0.11027401035032472,3587.0,2617.0,3605.0,8.126775566997113,2768.651708741933,inner_007
0.2921991955495512,1.5135705389221557,2.700321596806387,5.179927124972129,5.12778800205239,0.17564668936824102,0.29193434896856857,3587.0,0.11901180566055279,3587.0,2617.0,2880.0,7.904549105612901,2758.0366209148656,inner_007
0.2934990538728968,1.5135705389221557,2.700321596806387,5.156986092287797,5.057926007773759,0.18395695169182855,0.2932370231473282,3587.0,0.1293891781514386,3587.0,2617.0,2880.0,7.634165768284922,2747.505452566804,inner_007
0.29322731076297043,1.5135705389221557,2.700321596806387,5.161765235932088,5.096081215804388,0.18923930060837438,0.2929688596630955,3587.0,0.1330374722785604,3587.0,2617.0,2880.0,7.51027931321788,2747.971542078731,inner_007
0.2938273517322721,1.5135705389221557,2.676768502994012,5.15122411170653,5.051581731509623,0.19596200689475857,0.293565749521341,3587.0,0.1354298814557288,3587.0,2617.0,2880.0,7.413987953268306,2744.8945936630703,inner_007
0.2937364266106353,1.739030499001996,2.9608675449101796,5.92037739094301,5.1481066625692895,0.20340672929415302,0.29347302066833814,3587.0,0.13745419206911463,3587.0,2617.0,2880.0,7.501778566662786,2751.420568177528,inner_007
0.29325943170123275,1.739030499001996,2.9608675449101796,5.930007055233224,5.228566149435015,0.20110587164967444,0.2929960443401384,3587.0,0.13025027410314138,3587.0,2617.0,2880.0,7.680129972047517,2763.7322334992446,inner_007
0.2920263356992178,1.739030499001996,2.9608675449101796,5.955046810549196,5.327155945798997,0.1991846992776849,0.29175834501607195,3587.0,0.12463322154479721,3587.0,2617.0,2880.0,7.765953245551383,2772.9470390433576,inner_007
0.29170630758169575,1.739030499001996,2.9608675449101796,5.96158003376379,5.422677929008414,0.2036950551068061,0.29143923716667897,3587.0,0.12086453184885702,3587.0,2617.0,2880.0,7.8110677253017,2772.4869165173845,inner_007
0.2916266621734573,1.739030499001996,2.9608675449101796,5.9632081855658114,5.5711165335135675,0.20431328801575294,0.2913623994487084,3587.0,0.12056512885705409,3587.0,2617.0,2880.0,7.833144180501022,2772.799894261377,inner_007
0.2919198368525867,1.6963100598802394,2.8547974051896206,5.810876294565894,5.547815950812995,0.2020150377316403,0.29165564790025056,3587.0,0.11730646370411686,3587.0,2617.0,2880.0,7.937683320945608,2769.66685641899,inner_007
0.29149470414883616,1.6963100598802394,2.8547974051896206,5.8193512120004405,5.580307375669339,0.2064547269432722,0.2912293394444754,3587.0,0.1139701776885776,3587.0,2617.0,2455.0,7.995584738735642,2777.2750078885542,inner_007
0.2913240696426482,1.6963100598802394,3.066450379241517,5.822759725830458,5.597271218084393,0.20451409290657813,0.29105930816306674,3587.0,0.10119782680756514,3587.0,2617.0,3605.0,8.21412630148577,2774.465183635189,inner_007
0.2910259662856353,1.5666868263473055,2.936827145708583,5.383323166461505,5.543742023323419,0.19345163748785735,0.29075683282274556,3587.0,0.09091242327987084,3587.0,2617.0,3605.0,8.346610083743766,2775.333032886626,inner_007
0.2895325630526355,1.5481692215568863,2.918309540918164,5.347133342219048,5.555378288835923,0.19411759359024847,0.2892664046698352,3587.0,0.08763372001758224,3587.0,2617.0,3605.0,8.415101684303517,2776.9677997297954,inner_007
0.29016175069830474,1.5481692215568863,2.918309540918164,5.335538601593954,5.607135763679185,0.18901644908476045,0.28989599087259743,3587.0,0.08926704480450581,3587.0,2617.0,3605.0,8.442147059174538,2775.000641010071,inner_007
0.290681958383236,1.608432654690619,2.9785729740518967,5.533307480232592,5.655304019482029,0.1845301387145,0.29041833691834174,3587.0,0.09183252482730647,3587.0,2617.0,3605.0,8.342991854726087,2768.5883878875234,inner_007
0.2903072393963861,1.608432654690619,2.8476502594810382,5.540449690593013,5.685616520925568,0.18192231289309319,0.29004604556776364,3587.0,0.09581052296243875,3587.0,2617.0,3605.0,8.21083373444578,2760.3880131581323,inner_007
0.2919742678100451,1.608432654690619,2.8476502594810382,5.508816467816422,5.598377161161536,0.18216698392030056,0.2917185945378703,3587.0,0.09594615460175794,3587.0,2617.0,3605.0,8.174505740095436,2762.1697161812076,inner_007
0.2927227112092301,1.608432654690619,2.861294810379242,5.494731338221842,5.542989245383582,0.17624999133744465,0.29247005967760265,3587.0,0.09008271719930735,3587.0,2617.0,3605.0,8.118431982133334,2755.1508844272266,inner_007
0.6764078700101428,3.547583233532934,6.760144011976047,5.244739735922554,7.620690955942052,0.08273904135319338,0.6755668051287351,3445.0,0.2923831996651925,3445.0,3337.0,2799.0,7.0561885723771045,3195.4639730730973,outer_007
0.6775769229023731,3.4923552894211576,6.704916067864271,5.154182752360863,7.535443568137345,0.053352115950697165,0.6767628470136811,3337.0,0.2907773424047174,3337.0,3445.0,3552.0,6.995749072128649,3184.4921431020016,outer_007
0.6688759726103652,3.4923552894211576,6.704916067864271,5.221229992448137,7.524363013289638,0.06191138907723096,0.6680747249244312,3337.0,0.2919677899976186,3337.0,3445.0,3552.0,6.927813304702099,3205.9790460701215,outer_007
0.6625748282551139,3.366874151696607,6.46329381237525,5.081500244377297,7.459575227427432,0.047879084479353656,0.6617979895845635,3337.0,0.2814143145008876,3337.0,3552.0,3445.0,6.974716513612124,3201.872050606452,outer_007
0.651914863601773,3.366874151696607,6.4446137724550905,5.1645917890181545,7.439550044171551,0.0648309019983397,0.6511652125729946,3444.0,0.25994247746613386,3444.0,3552.0,3337.0,7.056303616487108,3217.63390295351,outer_007
0.6466910424901225,3.366874151696607,6.373142315369261,5.20631017051397,7.44670044974503,0.04347302589176897,0.6459745079041898,3444.0,0.2983202883139107,3444.0,3552.0,2906.0,6.970793595435401,3229.0880319320418,outer_007
0.6443726803263727,3.366874151696607,6.548572255489022,5.225041741358892,7.527328225777333,0.05459683570733616,0.6436938080170148,3444.0,0.3140916401761861,3444.0,2906.0,3552.0,6.912900713624928,3196.845673719592,outer_007
0.6445837752571759,3.3295140718562872,6.511212175648702,5.16537058434007,7.610313037383663,0.0508043862054215,0.6439378918667247,3444.0,0.3064416740457073,3444.0,3552.0,2906.0,6.965651404932057,3218.2052084389643,outer_007
0.6552154567576599,3.3295140718562872,6.511212175648702,5.0815560553660015,7.636385638918122,0.056573132820331315,0.6546032718713096,3444.0,0.28450238480572393,3444.0,3552.0,3337.0,7.063048003036366,3201.7685751946483,outer_007
0.6623725694444642,3.3295140718562872,6.613140219560878,5.026648483720831,7.745226422513826,0.04791477681642618,0.6617986359540325,3337.0,0.2537788955267722,3337.0,3444.0,3552.0,7.057796076917849,3209.4742189484464,outer_007
0.6746548856793175,3.3295140718562872,6.613140219560878,4.935136678812846,7.66385731185161,0.047513776187995405,0.6741144159388904,3337.0,0.2757729815603455,3337.0,3552.0,3445.0,7.131417798394086,3201.072754233633,outer_007
0.6798391277835041,3.4253507984031937,6.708976946107785,5.038472571549312,7.686360941562442,0.05588844879716942,0.6793223510573336,3445.0,0.28546568147261475,3445.0,3337.0,2799.0,7.098367563145359,3188.4167680223613,outer_007
0.6900328738527722,3.4253507984031937,6.708976946107785,4.964040016351508,7.595309698115427,0.05544353415377299,0.6895481818430237,3445.0,0.3165685515415274,3445.0,3337.0,2799.0,6.991979124100461,3197.064314015054,outer_007
0.6924344523899214,3.4253507984031937,6.708976946107785,4.946823178108303,7.630865461240478,0.035147877991718354,0.6919736562222596,3445.0,0.32743244006327216,3445.0,3337.0,2799.0,6.959024846244328,3192.1004669621275,outer_007
0.6989088676995843,3.4635230538922155,6.700855189620759,4.955614693074634,7.565050042827319,0.03547182514540521,0.6984608410297988,3445.0,0.3208744882649177,3445.0,3337.0,2799.0,6.922741109431265,3194.7115343210594,outer_007
0.6941212232893964,3.4635230538922155,6.700855189620759,4.989795640419694,7.617467166215188,0.047346508026075526,0.6936830623616004,3445.0,0.29876404514693794,3445.0,3337.0,2799.0,6.83105641401473,3193.561216320616,outer_007
0.6932980598424991,3.4635230538922155,6.700855189620759,4.9957201015087875,7.5421248589662,0.04858744867361062,0.6928683160116761,3337.0,0.29749101143743384,3337.0,3445.0,3552.0,6.851926152204603,3191.231224453582,outer_007
0.6821084314104642,3.4635230538922155,6.651312475049901,5.0776722503346585,7.640936272559767,0.05003882663657219,0.6816799992984184,3337.0,0.2897070595909741,3337.0,3445.0,3552.0,6.861062611822846,3195.7135047978127,outer_007
0.6802462910745912,3.4635230538922155,6.621261976047904,5.091572125179627,7.543574808217491,0.07193492853267555,0.6798182638443546,3337.0,0.2936933719689841,3337.0,3445.0,3552.0,6.8786778124321195,3196.601775740609,outer_007
0.6682965023423796,3.3006818363273456,6.458420758483034,4.938948243419581,7.536106512196635,0.07601193961398248,0.6678768107630413,3337.0,0.28686349730552857,3337.0,3445.0,3552.0,6.980563902038258,3180.65843895272,outer_007
0.665123853935349,3.3006818363273456,6.458420758483034,4.9625070831517295,7.46058087476287,0.06803580215155193,0.6647010263236086,3337.0,0.2817741479746213,3337.0,3552.0,3445.0,7.069555247016076,3205.899552619466,outer_007
0.6586038482967554,3.3006818363273456,6.458420758483034,5.011634603811358,7.4644133930548815,0.06729892980671542,0.6581834678032067,3337.0,0.2606913969358537,3337.0,3552.0,3444.0,7.1183696007198165,3215.467330732168,outer_007
0.6589194204710973,3.466771756487026,6.624510678642714,5.261298496876056,7.409697249723343,0.06180858687969092,0.6585103535112323,3444.0,0.2629981183460595,3444.0,3337.0,3552.0,7.082846204027639,3221.7822714892127,outer_007
0.6532842937359341,3.466771756487026,6.609485429141717,5.3066816234959715,7.491427535480857,0.0574776855120431,0.6528821730437774,3444.0,0.2801933089753602,3444.0,3552.0,3337.0,7.0425567593748655,3205.5470405704014,outer_007
0.6509620990111326,3.466771756487026,6.624104590818364,5.325612292564115,7.56272952732291,0.04148606878033181,0.6505719473869229,3444.0,0.28111723068416883,3444.0,3552.0,3337.0,7.03902367952832,3206.443915731263,outer_007
0.654577605970855,3.466771756487026,6.624104590818364,5.2961966997712775,7.587000727783686,0.04583443258074651,0.6542140589615864,3444.0,0.26076712980218103,3444.0,3337.0,3552.0,7.084158016724299,3209.227843994436,outer_007
0.6554943956293817,3.466771756487026,6.664307285429142,5.288789316281428,7.701360740315734,0.050233627986892224,0.6551411883007694,3337.0,0.25407313708407103,3337.0,3444.0,3552.0,7.1382359409619145,3222.089442375243,outer_007
0.6603777535044288,3.4087011976047905,6.749585728542915,5.161744440232616,7.705705764239711,0.048498482944597535,0.6600422369104177,3337.0,0.27020502498688165,3337.0,3552.0,3444.0,7.194676158376816,3219.098671340171,outer_007
0.6654647161194694,3.5041318363273453,6.912833033932136,5.265691405490319,7.775306487248493,0.05406856257238934,0.6651566224728072,3337.0,0.2772960805441748,3337.0,3445.0,3552.0,7.245287686275175,3194.86835147533,outer_007
0.6746905207509678,3.5041318363273453,6.912833033932136,5.1936876664978975,7.694248004417656,0.06820306546304195,0.6743958912897384,3337.0,0.2728360676787434,3337.0,3445.0,2799.0,7.222462496999828,3205.1680973863045,outer_007
0.6769135894838354,3.630425149700599,7.039126347305389,5.363203230221592,7.828350183041909,0.07557544178263889,0.6766318995885022,3445.0,0.286153203608997,3445.0,3337.0,2799.0,7.318157168483616,3198.133737927073,outer_007
0.6867785740872341,3.630425149700599,7.039126347305389,5.286165420238437,7.783443380499537,0.0720325431151872,0.6865183593068431,3445.0,0.28827640696719814,3445.0,3337.0,2799.0,7.30578021466357,3201.589582397212,outer_007
0.6902663115757225,3.630425149700599,6.876285129740519,5.259455790929672,7.784310687102059,0.06995584313590414,0.6900175098584264,3445.0,0.2732503289875389,3445.0,3433.0,2799.0,7.361892565425378,3199.448653595634,outer_007
0.6942594296515441,3.630425149700599,6.876285129740519,5.229205387275397,7.674686125289238,0.058969988627752504,0.6940165309186919,3445.0,0.2595149413414092,3445.0,3433.0,2907.0,7.343132194595732,3195.56670622609,outer_007
0.6906929188508927,3.630425149700599,6.876285129740519,5.256207282015494,7.700170657304021,0.050050715778926926,0.6904531369258746,3445.0,0.25599057806876835,3445.0,3433.0,2907.0,7.341870888470698,3206.7130691469188,outer_007
0.6896033075038522,3.430223852295409,6.67608383233533,4.9741986660588156,7.5717345439564125,0.03891744254400295,0.6893690011473828,3445.0,0.24055117825829728,3445.0,3433.0,3553.0,7.3392255952064644,3208.3427640742552,outer_007
0.6791092551249427,3.430223852295409,6.666743812375249,5.051063325096807,7.569206268086357,0.024472743757609088,0.6788770100311062,3445.0,0.2491895025828866,3445.0,3433.0,2799.0,7.366997076746365,3208.1111293724266,outer_007
0.6718185349106339,3.346163672654691,6.46938512974052,4.980755217031637,7.537358991157042,0.031085223828076172,0.6715888752340224,3445.0,0.2504354918434503,3445.0,3433.0,2799.0,7.340540776607291,3211.78556518278,outer_007
0.662547625292756,3.227586027944112,6.358117065868264,4.871477769644042,7.566676365732055,0.0359389648968833,0.6623185646654605,3445.0,0.24512534477332895,3445.0,3433.0,2799.0,7.370790910228955,3227.3627916862306,outer_007
0.6556284424174252,3.383117664670659,6.513648702594811,5.1601142442760235,7.630481097952586,0.03334164184610433,0.6554065593143714,3445.0,0.2270180867887256,3445.0,3337.0,3433.0,7.408904254079038,3236.7516532078075,outer_007
0.6511984826979903,3.383117664670659,6.5262374251497,5.195217363919542,7.6996539793013214,0.04346679164238538,0.650975701899598,3445.0,0.21977916644955514,3445.0,3337.0,3325.0,7.381920907061553,3229.0453860543244,outer_007
0.6489291202396424,3.383117664670659,6.594054091816368,5.213385497974433,7.706329442229418,0.06665217445737581,0.6487022801839432,3337.0,0.21202626591543622,3337.0,3325.0,3349.0,7.393396449560752,3223.402417643704,outer_007
0.6487087330730743,3.4058585828343313,6.61679500998004,5.25021232055878,7.751569880143957,0.06536037799348199,0.6484792814061134,3337.0,0.2057684175956361,3337.0,3325.0,3349.0,7.381875009060797,3224.011342488652,outer_007
0.6517557105411216,3.4058585828343313,6.61679500998004,5.22566742070677,7.80174271655797,0.06508989755274255,0.651526956327041,3325.0,0.20105578315741668,3325.0,3337.0,3349.0,7.4243649115914385,3221.8475513524904,outer_007
0.6559444780043112,3.4058585828343313,6.61679500998004,5.19229705720908,7.7601772861493785,0.08184890530007584,0.6557146742013569,3349.0,0.20366737697960816,3349.0,3325.0,3337.0,7.468841043121294,3219.0299024116725,outer_007
0.6615571056680097,3.4058585828343313,6.61679500998004,5.14824578808696,7.870871079289509,0.07156015141721857,0.6613353067363049,3349.0,0.21158651185164676,3349.0,3325.0,3445.0,7.5221025085546,3208.5654554430876,outer_007
0.13826566756094869,0.5258025149700598,1.0462446706586825,3.8028421968040735,2.964506058704739,-0.02480805141038256,0.13742061759945678,3365.0,0.03676435172801278,3365.0,3356.0,3233.0,8.457851144045659,2732.9551873636647,ball_007
0.13880584885038091,0.5258025149700598,1.0462446706586825,3.7880429342485655,2.9677848856612132,-0.03714110139188013,0.13797889865851273,3356.0,0.03353757308765584,3356.0,3263.0,0.0,8.536538923033289,2733.6151531016744,ball_007
0.13937330874998222,0.5258025149700598,1.0462446706586825,3.772619877406239,2.968843258977054,-0.041464526151666355,0.13855677644626566,3356.0,0.03314979655635134,3356.0,3278.0,3263.0,8.551056809424491,2742.468592037484,ball_007
0.1375301612547696,0.5258025149700598,1.0384477844311375,3.8231796587224953,2.983105821368998,-0.03724740077133222,0.13670025564574434,3278.0,0.03163348391646991,3278.0,3356.0,0.0,8.622436429461038,2730.036722603241,ball_007
0.13740903892423598,0.5579646706586827,1.0837671856287425,4.060611114282889,3.0028929987393784,-0.03547198337591182,0.13659322033397778,3278.0,0.031071153841418037,3278.0,3308.0,3263.0,8.623761010915269,2733.2651962317004,ball_007
0.13708024504191815,0.5579646706586827,1.070122634730539,4.070350694865341,2.9399156724064,-0.020412992091745418,0.1362675961242987,3263.0,0.033275691881357726,3263.0,3308.0,0.0,8.638825676644885,2740.1124000950845,ball_007
0.13595475419605854,0.5579646706586827,1.070122634730539,4.1040467761359,2.922623481311182,-0.012471753174796662,0.13514525709413658,3278.0,0.03217125574847582,3278.0,0.0,3263.0,8.641839968311036,2747.3320617701866,ball_007
0.13854113647568464,0.5579646706586827,1.0736962075848304,4.027429576894016,2.9008564714494565,0.000565350611369145,0.13776285801593494,3278.0,0.030931374600785447,3278.0,3263.0,0.0,8.684467493064691,2752.204899363607,ball_007
0.14051042220959323,0.5670610379241517,1.1250257085828346,4.035722254668708,2.896990815384258,0.006737335775133422,0.13975976412929897,3263.0,0.0359022495180985,3263.0,3446.0,0.0,8.652794523505303,2761.217417908612,ball_007
0.14098268126313968,0.5670610379241517,1.023178882235529,4.022203527720901,2.9048829115133152,0.010192432075957008,0.14025506699754367,3446.0,0.034455304651766896,3446.0,0.0,3263.0,8.611977885609425,2750.415457532668,ball_007
0.14031066707383172,0.5920760479041917,1.048193892215569,4.219750787676323,2.973224815993869,0.011748912633649551,0.13961381729079775,3446.0,0.03366392292753487,3446.0,3263.0,0.0,8.585133301699182,2754.4344074117657,ball_007
0.1408652349980655,0.5920760479041917,1.0545288622754492,4.203138183188511,2.975814562965427,0.01798926309549652,0.140193226149062,3263.0,0.03310071664192333,3263.0,3446.0,3365.0,8.592397809776367,2746.0538523942564,ball_007
0.13830236704759152,0.5920760479041917,1.0676861077844313,4.2810261352970995,3.0165340097439044,0.012109099658470013,0.13762772445635918,3446.0,0.035435877906498235,3446.0,3263.0,3356.0,8.542746687624,2749.547494108009,ball_007
0.1387972154692173,0.5920760479041917,1.0676861077844313,4.265763156001522,2.98311920702034,-0.002245242623522058,0.13814223389394184,3446.0,0.03497389661158466,3446.0,3263.0,3416.0,8.60468814818644,2751.8691377585933,ball_007
0.1385178515673706,0.5920760479041917,1.0676861077844313,4.274366380973105,2.9300900250160256,0.0004419485669905377,0.13786677418622095,3263.0,0.037843757344594456,3263.0,3446.0,3416.0,8.603446975959482,2752.7854595067124,ball_007
0.13872326204710483,0.4954271457085829,0.9710372055888223,3.5713343126285175,2.878696577760093,-0.014389114909860392,0.1380758582486351,3263.0,0.03851667150219035,3263.0,3446.0,3365.0,8.600927548266942,2757.8848539064643,ball_007
0.13815372910364832,0.6070200798403194,1.0712596806387225,4.39380162793079,2.898091722979479,-0.02358348352035922,0.13751656948355784,3446.0,0.037041599544602476,3446.0,3263.0,3365.0,8.582092959109705,2748.32563169138,ball_007
0.13814444827564665,0.6070200798403194,1.0712596806387225,4.394096812555951,2.888673696812223,-0.03307514937614021,0.13753769519142653,3446.0,0.03695278837740147,3446.0,3263.0,3365.0,8.543652506575322,2755.632145796376,ball_007
0.13721337643730308,0.6070200798403194,1.1456549700598804,4.423913291847935,2.9718469553042177,-0.027043801320557156,0.13662231352428547,3446.0,0.03720958913530504,3446.0,3263.0,3356.0,8.51106223827262,2740.774352382401,ball_007
0.13829566638901802,0.6070200798403194,1.1456549700598804,4.3892921281626105,2.998022360648048,-0.03187123479123938,0.13772930696568605,3446.0,0.03906146205128857,3446.0,3263.0,3356.0,8.504686507403171,2738.1677675514443,ball_007
0.1382653693338389,0.6070200798403194,1.1456549700598804,4.390253920883701,3.024199498131175,-0.027351009338125457,0.1377131545786874,3446.0,0.03873397899753607,3446.0,3364.0,3526.0,8.560581324060148,2749.974100647562,ball_007
0.13860336474664817,0.5495180439121756,1.0881529341317364,3.96468040235989,3.019794035109896,-0.01883516784068415,0.13806366536421302,3446.0,0.035809064632385125,3446.0,3364.0,3231.0,8.497431521138648,2731.654136105846,ball_007
0.13815535401104306,0.5495180439121756,1.0881529341317364,3.977537083855986,2.9716498530516624,-0.015364917075615372,0.13761547343480246,3231.0,0.0362026514685496,3231.0,3364.0,3446.0,8.42263407394356,2729.304812112534,ball_007
0.13734150961811153,0.5495180439121756,1.0348742115768463,4.001106769833477,2.933346039688813,-0.006804184057567616,0.1368040865489995,3446.0,0.032170442610943394,3446.0,3424.0,3231.0,8.464335585269637,2734.4292904986182,ball_007
0.13486989411703498,0.4699248303393213,0.9388750499001997,3.484282637098672,2.9331753603075,-0.017017155252962157,0.13432851224893838,3446.0,0.034104321305107224,3446.0,3231.0,3279.0,8.495065458416445,2749.4433163623794,ball_007
0.1357988825931299,0.5790812375249501,1.0493309381237526,4.264256277129677,2.9226798091590678,-0.014574046171371948,0.1352659384080108,3231.0,0.03610116540389055,3231.0,3446.0,3357.0,8.449647498851808,2741.4986139170805,ball_007
0.13504654507365565,0.5790812375249501,1.0644374051896208,4.288012234664084,2.900518626818173,-0.020587066951434512,0.1345202596484563,3446.0,0.03662335458863152,3446.0,3231.0,3279.0,8.43683281830046,2735.2049101238085,ball_007
0.13531123442018492,0.5790812375249501,1.0644374051896208,4.279624230806413,2.9299665866207283,-0.0033486324683555404,0.13479322760477447,3231.0,0.03555112695373305,3231.0,3446.0,3263.0,8.430511934517595,2744.256374114046,ball_007
0.13773628606494331,0.5790812375249501,1.0896148502994012,4.204275097499802,2.9168220920185175,-0.003401887805817118,0.13722984485431713,3231.0,0.03304979938742188,3231.0,3279.0,3357.0,8.401700460123903,2744.125177963015,ball_007
0.13782523400756908,0.5790812375249501,1.095137644710579,4.201561794505266,2.938016414705623,0.010179790231799787,0.13732632908116532,3447.0,0.033675881337389434,3447.0,3263.0,3357.0,8.421263938142282,2749.680339058352,ball_007
0.1376502687537137,0.5160564071856288,0.993128383233533,3.7490403168697486,2.979702697435994,0.018883324114522215,0.13716089249240845,3447.0,0.038266234741425216,3447.0,3279.0,3231.0,8.36391872912739,2749.6352419552345,ball_007
0.1389185557341747,0.5160564071856288,0.993128383233533,3.7148126429785235,2.9595606647022525,0.024638671743226582,0.13843508965384219,3231.0,0.03219386695242501,3231.0,3364.0,3447.0,8.407881925426453,2749.1990857461615,ball_007
0.14013706046730692,0.5391221956087824,1.0410467465069861,3.8471064956764676,2.9962350594215206,0.013488288685761898,0.13967098229247163,3279.0,0.029816877846310645,3279.0,3364.0,3446.0,8.410405857080011,2758.9954264797957,ball_007
0.13890191078728004,0.5391221956087824,1.0410467465069861,3.8813159052535697,2.9786470330182726,0.008145227092322566,0.13844541501362914,3446.0,0.03699718634155881,3446.0,3231.0,3263.0,8.485891383577933,2771.49818442307,ball_007
0.1406216663497254,0.5391221956087824,1.0410467465069861,3.8338487204950917,2.9556131886627437,0.00918049316315151,0.14017368639367495,3446.0,0.04186775905282609,3446.0,3263.0,3231.0,8.319864694102666,2777.924017545818,ball_007
0.1403757913783856,0.5391221956087824,1.07044750499002,3.8405638915015503,2.905132521488135,0.0073697057023103,0.13993355240802102,3446.0,0.041472690038010525,3446.0,3263.0,3233.0,8.32893229594506,2770.0856293764937,ball_007
0.13946699115544836,0.5391221956087824,1.07044750499002,3.8655899230512745,2.922206039947842,-0.002328887397320885,0.13902823641535703,3446.0,0.04123878730293071,3446.0,3263.0,2800.0,8.45002221098129,2779.7612369142635,ball_007
0.1400130749681888,0.565923992015968,1.1235637924151696,4.0419367415832195,2.9256257301621473,0.0006394513775643606,0.1395698076358763,3263.0,0.03768795144315984,3263.0,3446.0,3231.0,8.357157480643908,2764.3942914361537,ball_007
0.13945673087851412,0.565923992015968,1.1235637924151696,4.058061510913841,2.9827144742156775,0.009577240921816478,0.13900888075256435,3446.0,0.030832645688505328,3446.0,3364.0,3279.0,8.443529138190256,2773.5215743151484,ball_007
0.14084079167038197,0.565923992015968,1.1235637924151696,4.018182412240577,3.0540919464143013,0.000325152857752425,0.14040090145965,3231.0,0.037639942605044996,3231.0,3309.0,3364.0,8.299453871078299,2776.1830247169446,ball_007
0.1432670784259176,0.565923992015968,1.1235637924151696,3.950132844431551,3.0635749453608083,-0.007531658032213337,0.14282342764816344,3364.0,0.031450291629615566,3364.0,3231.0,3309.0,8.386053074685648,2762.637168006025,ball_007
0.14524208820899603,0.565923992015968,1.1235637924151696,3.8964187240383925,3.0459821764936374,0.004582080686739372,0.144802470520711,3231.0,0.030989827386166506,3231.0,3447.0,3261.0,8.42835849492906,2773.889905536355,ball_007
0.1438803842893391,0.5582895409181636,1.0774322155688623,3.8802338739620006,3.037185569614627,-0.0017879579326382249,0.1434388335012482,3263.0,0.03822739204450648,3263.0,3231.0,3446.0,8.429008749260273,2764.319721262518,ball_007
0.1440054920647462,0.5582895409181636,1.0774322155688623,3.876862839836355,3.0302880743273155,-0.013942504248926027,0.1435667165502333,3263.0,0.03745710840671076,3263.0,3446.0,3231.0,8.584001818625275,2779.939788078525,ball_007
0.14254429973308666,0.5313253093812376,1.0504679840319362,3.7274398932552266,2.9874263080541716,-0.014765563994002076,0.14210869153797576,3446.0,0.040382585955065754,3446.0,3263.0,3365.0,8.482621781541013,2788.9575131566917,ball_007
0.14121403698071672,0.522391377245509,1.0155444311377246,3.6992878924411983,3.0383887066202386,-0.015332986616775937,0.14080163536410423,3446.0,0.03871736489744035,3446.0,3365.0,3263.0,8.41795683459581,2761.4546175620408,ball_007
0.14163407467347477,0.6039338123752496,1.1750557285429144,4.264043195590943,3.1393507399098444,-0.022742858356548552,0.14124200152470054,3446.0,0.0360460570323161,3446.0,3263.0,3365.0,8.466230738720904,2763.8445338407196,ball_007
